region,area_km2
PIPA,413266.11012012564
Phoenix Group Non-PIPA,341505.4360988662
Line Group,1676839.3695853301
Gilbert Islands,1062406.0942517642
